<?xml version="1.0" encoding="UTF-8"?>
<configuration>
    <!-- 引入spirng boot默认的logback配置文件 -->
    <include resource="org/springframework/boot/logging/logback/defaults.xml"/>

    <appender name="STDOUT" class="ch.qos.logback.core.ConsoleAppender">
        <!-- 采用Spring boot中默认的控制台彩色日志输出模板 -->
        <encoder>
            <pattern>${CONSOLE_LOG_PATTERN}</pattern>
        </encoder>
    </appender>

    <root level="INFO">
        <appender-ref ref="STDOUT" />
    </root>
</configuration>
